Home Team,Opponent Team,MAE,MAPE,Season
Atlanta Hawks,Boston Celtics,0.0365803412424582,0.0822219606257284,2023-24
Atlanta Hawks,Denver Nuggets,0.0544946893239569,0.1337547614446722,2023-24
Atlanta Hawks,Cleveland Cavaliers,0.03414005831926618,0.07524596605421391,2023-24
