Home Team,Opponent Team,MAE,MAPE,Season
Dallas Mavericks,Boston Celtics,0.0443545589200734,0.1082086708320598,2023-24
Dallas Mavericks,Boston Celtics,0.044354558920073416,0.10820867083205984,2023-24
